Workbook

Sheet Read me
A1: Computational Research Notebook: development stages and test gates
A2: Version | B2: 0.1, 15 September 2026. Companion to Research_Notebook_Specification.docx and AGENTS.md.
A4: Purpose | B4: Breaks implementation into eight stages. Each stage lists the tasks to build and the gate tests that must pass before the next stage starts.
A5: Gate rule | B5: A stage is complete only when every task is Done and every gate test is Pass. Tests marked Both must pass on Windows and macOS. The Stage overview sheet calculates this automatically.
A6: How to use | B6: 1. Work through Tasks for the current stage in step order. 2. Record Status, Completed on and Notes (for example the pull request link) as you go. 3. Run each gate test for the stage and record Result, Date and Evidence. 4. Check Stage overview: start the next stage only when Can start shows Yes.
A7: Cells you edit | B7: Only the columns with orange headers and pale yellow cells: Tasks (Status, Completed on, Notes) and Test gates (Result, Date, Evidence, Notes). All other columns are reference data or formulas.
A8: Task Status values | B8: Not started, In progress, Done, Blocked
A9: Test Result values | B9: Not run, Pass, Fail
A10: Example entry | B10: Task S2-T04 "Implement nb-fs safe writes and path validation": Status = Done; Completed on = 2026-11-03; Notes = PR #41, reviewed by maintainer.
A11: Example entry | B11: Test S2-G05 "Atomic write survives crash": Result = Pass; Date = 2026-11-04; Evidence = link to CI run; Notes = passed on windows-latest and macos-latest.
A12: Human review | B12: Tasks marked Yes in Human review touch data safety, format, security or CI rules. AI may implement them, but the maintainer reviews the diff before merging.
A13: Commands | B13: Commands in Test gates refer to scripts defined in the starter kit package.json and CI workflows. They become runnable during Stage 0.
A14: Changing gates | B14: If a gate test is wrong or impossible, change it through an ADR and update this workbook in the same pull request. Do not mark a test Pass that was not run.

Sheet Stage overview
A1: Stage | B1: Name | C1: Goal | D1: Est. weeks | E1: Entry requirement | F1: Tasks | G1: Tasks done | H1: Gate tests | I1: Tests passed | J1: Tests failed | K1: Progress | L1: Gate status | M1: Can start
A2: 0 | B2: Repository foundation | C2: Set up the monorepo, agent rules, CI on Windows and macOS, and the checks that keep AI-generated code clean before any feature code exists. | D2: 1 | E2: Specification v0.1 approved | F2: =COUNTIFS(Tasks!$B$2:$B$90,$A2) -> 13 | G2: =COUNTIFS(Tasks!$B$2:$B$90,$A2,Tasks!$H$2:$H$90,"Done") -> 0 | H2: =COUNTIFS('Test gates'!$B$2:$B$86,$A2) -> 9 | I2: =COUNTIFS('Test gates'!$B$2:$B$86,$A2,'Test gates'!$J$2:$J$86,"Pass") -> 0 | J2: =COUNTIFS('Test gates'!$B$2:$B$86,$A2,'Test gates'!$J$2:$J$86,"Fail") -> 0 | K2: =IF(F2+H2=0,0,(G2+I2)/(F2+H2)) -> 0 | L2: =IF(AND(H2>0,G2=F2,I2=H2),"Gate passed",IF(J2>0,"Test failing",IF(G2+I2>0,"In progress","Not started"))) -> Not started | M2: Yes
A3: 1 | B3: Technical spikes | C3: Prove the risky technologies work together before committing to them: Markdown round-trip, citations, Zotero, previews, PDF/A and the table. | D3: 2 | E3: Stage 0 gate passed | F3: =COUNTIFS(Tasks!$B$2:$B$90,$A3) -> 11 | G3: =COUNTIFS(Tasks!$B$2:$B$90,$A3,Tasks!$H$2:$H$90,"Done") -> 0 | H3: =COUNTIFS('Test gates'!$B$2:$B$86,$A3) -> 9 | I3: =COUNTIFS('Test gates'!$B$2:$B$86,$A3,'Test gates'!$J$2:$J$86,"Pass") -> 0 | J3: =COUNTIFS('Test gates'!$B$2:$B$86,$A3,'Test gates'!$J$2:$J$86,"Fail") -> 0 | K3: =IF(F3+H3=0,0,(G3+I3)/(F3+H3)) -> 0 | L3: =IF(AND(H3>0,G3=F3,I3=H3),"Gate passed",IF(J3>0,"Test failing",IF(G3+I3>0,"In progress","Not started"))) -> Not started | M3: =IF(L2="Gate passed","Yes","No: stage "&A2&" gate open") -> No: stage 0 gate open
A4: 2 | B4: File format and index | C4: Build the plain-file project format, safe writing, locking, history and the disposable index, plus questions, experiments, the table and the expanded view. | D4: 5 | E4: Stage 1 gate passed; spike ADRs merged | F4: =COUNTIFS(Tasks!$B$2:$B$90,$A4) -> 13 | G4: =COUNTIFS(Tasks!$B$2:$B$90,$A4,Tasks!$H$2:$H$90,"Done") -> 0 | H4: =COUNTIFS('Test gates'!$B$2:$B$86,$A4) -> 15 | I4: =COUNTIFS('Test gates'!$B$2:$B$86,$A4,'Test gates'!$J$2:$J$86,"Pass") -> 0 | J4: =COUNTIFS('Test gates'!$B$2:$B$86,$A4,'Test gates'!$J$2:$J$86,"Fail") -> 0 | K4: =IF(F4+H4=0,0,(G4+I4)/(F4+H4)) -> 0 | L4: =IF(AND(H4>0,G4=F4,I4=H4),"Gate passed",IF(J4>0,"Test failing",IF(G4+I4>0,"In progress","Not started"))) -> Not started | M4: =IF(L3="Gate passed","Yes","No: stage "&A3&" gate open") -> No: stage 1 gate open
A5: 3 | B5: Evidence, groups and previews | C5: Capture and version evidence, link large files, import from the inbox and VS Code, organise groups and preview artefacts. | D5: 4 | E5: Stage 2 gate passed | F5: =COUNTIFS(Tasks!$B$2:$B$90,$A5) -> 11 | G5: =COUNTIFS(Tasks!$B$2:$B$90,$A5,Tasks!$H$2:$H$90,"Done") -> 0 | H5: =COUNTIFS('Test gates'!$B$2:$B$86,$A5) -> 13 | I5: =COUNTIFS('Test gates'!$B$2:$B$86,$A5,'Test gates'!$J$2:$J$86,"Pass") -> 0 | J5: =COUNTIFS('Test gates'!$B$2:$B$86,$A5,'Test gates'!$J$2:$J$86,"Fail") -> 0 | K5: =IF(F5+H5=0,0,(G5+I5)/(F5+H5)) -> 0 | L5: =IF(AND(H5>0,G5=F5,I5=H5),"Gate passed",IF(J5>0,"Test failing",IF(G5+I5>0,"In progress","Not started"))) -> Not started | M5: =IF(L4="Gate passed","Yes","No: stage "&A4&" gate open") -> No: stage 2 gate open
A6: 4 | B6: Writing and references | C6: Rich-text sections with version-pinned artefact references, version updates, search and reverse lookups. Ends with an internal alpha. | D6: 3 | E6: Stage 3 gate passed | F6: =COUNTIFS(Tasks!$B$2:$B$90,$A6) -> 12 | G6: =COUNTIFS(Tasks!$B$2:$B$90,$A6,Tasks!$H$2:$H$90,"Done") -> 0 | H6: =COUNTIFS('Test gates'!$B$2:$B$86,$A6) -> 13 | I6: =COUNTIFS('Test gates'!$B$2:$B$86,$A6,'Test gates'!$J$2:$J$86,"Pass") -> 0 | J6: =COUNTIFS('Test gates'!$B$2:$B$86,$A6,'Test gates'!$J$2:$J$86,"Fail") -> 0 | K6: =IF(F6+H6=0,0,(G6+I6)/(F6+H6)) -> 0 | L6: =IF(AND(H6>0,G6=F6,I6=H6),"Gate passed",IF(J6>0,"Test failing",IF(G6+I6>0,"In progress","Not started"))) -> Not started | M6: =IF(L5="Gate passed","Yes","No: stage "&A5&" gate open") -> No: stage 3 gate open
A7: 5 | B7: Citations and Literature | C7: Zotero picker, bibliography cache, per-experiment citation contexts, styles and source repair. | D7: 3 | E7: Stage 4 gate passed | F7: =COUNTIFS(Tasks!$B$2:$B$90,$A7) -> 9 | G7: =COUNTIFS(Tasks!$B$2:$B$90,$A7,Tasks!$H$2:$H$90,"Done") -> 0 | H7: =COUNTIFS('Test gates'!$B$2:$B$86,$A7) -> 8 | I7: =COUNTIFS('Test gates'!$B$2:$B$86,$A7,'Test gates'!$J$2:$J$86,"Pass") -> 0 | J7: =COUNTIFS('Test gates'!$B$2:$B$86,$A7,'Test gates'!$J$2:$J$86,"Fail") -> 0 | K7: =IF(F7+H7=0,0,(G7+I7)/(F7+H7)) -> 0 | L7: =IF(AND(H7>0,G7=F7,I7=H7),"Gate passed",IF(J7>0,"Test failing",IF(G7+I7>0,"In progress","Not started"))) -> Not started | M7: =IF(L6="Gate passed","Yes","No: stage "&A6&" gate open") -> No: stage 4 gate open
A8: 6 | B8: Archive and export | C8: Integrity checks, manifest and verification, HTML and PDF/A exports, bundles and archived mode. | D8: 2 | E8: Stage 5 gate passed | F8: =COUNTIFS(Tasks!$B$2:$B$90,$A8) -> 10 | G8: =COUNTIFS(Tasks!$B$2:$B$90,$A8,Tasks!$H$2:$H$90,"Done") -> 0 | H8: =COUNTIFS('Test gates'!$B$2:$B$86,$A8) -> 8 | I8: =COUNTIFS('Test gates'!$B$2:$B$86,$A8,'Test gates'!$J$2:$J$86,"Pass") -> 0 | J8: =COUNTIFS('Test gates'!$B$2:$B$86,$A8,'Test gates'!$J$2:$J$86,"Fail") -> 0 | K8: =IF(F8+H8=0,0,(G8+I8)/(F8+H8)) -> 0 | L8: =IF(AND(H8>0,G8=F8,I8=H8),"Gate passed",IF(J8>0,"Test failing",IF(G8+I8>0,"In progress","Not started"))) -> Not started | M8: =IF(L7="Gate passed","Yes","No: stage "&A7&" gate open") -> No: stage 5 gate open
A9: 7 | B9: Cross-platform release | C9: Handoff and end-to-end suites on both platforms, build channels, signing, accessibility and performance sign-off. | D9: 3 | E9: Stage 6 gate passed | F9: =COUNTIFS(Tasks!$B$2:$B$90,$A9) -> 10 | G9: =COUNTIFS(Tasks!$B$2:$B$90,$A9,Tasks!$H$2:$H$90,"Done") -> 0 | H9: =COUNTIFS('Test gates'!$B$2:$B$86,$A9) -> 10 | I9: =COUNTIFS('Test gates'!$B$2:$B$86,$A9,'Test gates'!$J$2:$J$86,"Pass") -> 0 | J9: =COUNTIFS('Test gates'!$B$2:$B$86,$A9,'Test gates'!$J$2:$J$86,"Fail") -> 0 | K9: =IF(F9+H9=0,0,(G9+I9)/(F9+H9)) -> 0 | L9: =IF(AND(H9>0,G9=F9,I9=H9),"Gate passed",IF(J9>0,"Test failing",IF(G9+I9>0,"In progress","Not started"))) -> Not started | M9: =IF(L8="Gate passed","Yes","No: stage "&A8&" gate open") -> No: stage 6 gate open
B10: Total | D10: =SUM(D2:D9) -> 23 | F10: =SUM(F2:F9) -> 89 | G10: =SUM(G2:G9) -> 0 | H10: =SUM(H2:H9) -> 85 | I10: =SUM(I2:I9) -> 0 | J10: =SUM(J2:J9) -> 0 | K10: =IF(F10+H10=0,0,(G10+I10)/(F10+H10)) -> 0

Sheet Tasks
A1: Task ID | B1: Stage | C1: Step | D1: Task | E1: Definition of done | F1: Spec reference | G1: Human review | H1: Status | I1: Completed on | J1: Notes / PR link
A2: S0-T01 | B2: 0 | C2: 1 | D2: Create the monorepo | E2: pnpm workspaces and a Cargo workspace with the layout in spec 6.2; empty packages build. | F2: 6.2 | G2: No | H2: Complete
A3: S0-T02 | B3: 0 | C3: 2 | D3: Add agent rules and project documents | E3: AGENTS.md, CLAUDE.md, LICENSE (AGPL-3.0-or-later), README, CONTRIBUTING and the PR template committed from the starter kit. | F3: 12, AGENTS.md | G3: Yes | H3: Complete
A4: S0-T03 | B4: 0 | C4: 3 | D4: Record initial ADRs | E4: ADR-0001 to ADR-0008 from spec 15.1 written using the ADR template. | F4: 15.1 | G4: Yes | H4: Complete
A5: S0-T04 | B5: 0 | C5: 4 | D5: Configure TypeScript checks | E5: tsconfig with strict mode and noUncheckedIndexedAccess; ESLint with typescript-eslint; Prettier; `pnpm lint`, `pnpm typecheck` and `pnpm format:check` pass. | F5: 12.1 | G5: No | H5: Complete
A6: S0-T05 | B6: 0 | C6: 5 | D6: Configure architecture boundaries | E6: dependency-cruiser rules from the starter kit enforce spec 6.3 (for example UI cannot import Tauri fs APIs; format package has no I/O). | F6: 6.3 | G6: Yes | H6: Complete
A7: S0-T06 | B7: 0 | C7: 6 | D7: Configure Rust checks | E7: rustfmt, clippy with warnings denied, and cargo-deny with deny.toml from the starter kit. | F7: 12.1 | G7: No | H7: Complete
A8: S0-T07 | B8: 0 | C8: 7 | D8: Configure npm licence allow-list | E8: `pnpm licences:check` fails on any licence outside the allow-list. | F8: 6.1 | G8: Yes | H8: Complete
A9: S0-T08 | B9: 0 | C9: 8 | D9: Set up test runners | E9: Vitest projects (unit, property, golden, fixtures) and cargo test run with an example test in each; fast-check and proptest installed. | F9: 12.1 | G9: No | H9: Complete
A10: S0-T09 | B10: 0 | C10: 9 | D10: Create CI and nightly workflows | E10: ci.yml runs on windows-latest and macos-latest; nightly.yml scheduled; branch protection requires CI checks. | F10: 12.2 | G10: Yes | H10: Complete
A11: S0-T10 | B11: 0 | C11: 10 | D11: Install pre-commit hooks | E11: lefthook runs formatting, lint and typecheck on staged files. | F11: 12.1 | G11: No | H11: Complete
A12: S0-T11 | B12: 0 | C12: 11 | D12: Create fixture harness | E12: fixtures/projects/format-v1/ exists; a fixture test enumerates every fixture folder and fails if none are found. | F12: 12.3 | G12: No | H12: Complete
A13: S0-T12 | B13: 0 | C13: 12 | D13: Minimal Tauri window | E13: Tauri app with locked-down capabilities (no fs, shell or http plugins in the webview) launches on both platforms. | F13: 6.7 | G13: Yes | H13: Complete
... A59: S4-T10 | B59: 4 | C59: 10 | D59: Run internal alpha | E59: Maintainer records one real experiment end to end on a copy of a real project and files issues. | F59: 13 | G59: Yes | H59: Not started
A60: S4-T11 | B60: 4 | C60: 11 | D60: Edit in the table | E60: Methods, Results Notes, Interpretation, title and status edit in place in the table; the edited row grows and stays rendered; one live editor across table and expanded view, saving before switching; keyboard grid navigation; section columns fill spare width. | F60: FR-TBL-05, FR-TBL-11, FR-TBL-12, FR-EDT-03 | G60: Yes | H60: Complete | J60: ADR-0043 supersedes ADR-0005.
A61: S4-T12 | B61: 4 | C61: 12 | D61: Wire evidence into the table | E61: Files are added to an experiment by picker, drag-and-drop, discovery and VS Code inbox (imported on open), copied or linked, and organised in the Results cell as folders; missing linked files can be relinked after confirmation; artefacts.yaml is loaded and written with the rest of the notebook; the preview spike is removed. | F61: FR-TBL-06, FR-EVD-01, FR-EVD-02, FR-EVD-05, FR-EVD-08, FR-EVD-09, FR-GRP-01 to FR-GRP-06, 5.10 | G61: Yes | H61: Not started | J61: ADR-0044. Issue #50.
A62: S5-T01 | B62: 5 | C62: 1 | D62: Integrate Zotero status and onboarding | E62: Status indicator and guidance for enabling the local API. | F62: FR-CIT-01 | G62: No | H62: Not started
A63: S5-T02 | B63: 5 | C63: 2 | D63: Build the citation picker | E63: Slash menu Cite item, debounced search, multi-select, locator, prefix and suffix, keyboard operable. | F63: FR-CIT-03 | G63: No | H63: Not started
A64: S5-T03 | B64: 5 | C64: 3 | D64: Serialise citation nodes | E64: Pandoc citation syntax with citekey grammar; hand-written forms preserved. | F64: 5.7 | G64: Yes | H64: Not started
A65: S5-T04 | B65: 5 | C65: 4 | D65: Maintain bibliography.json | E65: Insert adds CSL-JSON; refresh action; ok, trashed and missing states; server ID mismatch prompt. | F65: 5.9, FR-CIT-07 | G65: Yes | H65: Not started
A66: S5-T05 | B66: 5 | C66: 5 | D66: Implement citation contexts and Literature block | E66: Per experiment, Methods then Interpretation; one entry per source; numbering by first appearance; block regenerated and written to file with change warning. | F66: FR-CIT-09, FR-CIT-10 | G66: Yes | H66: Not started
A67: S5-T06 | B67: 5 | C67: 6 | D67: Implement style management | E67: Bundled in-text styles, import .csl, reject note styles, copy active style to styles/. | F67: FR-CIT-11 | G67: No | H67: Not started
A68: S5-T07 | B68: 5 | C68: 7 | D68: Build source details panel | E68: Metadata, Open in Zotero, DOI, Open PDF when available. | F68: FR-CIT-04 | G68: No | H68: Not started
A69: S5-T08 | B69: 5 | C69: 8 | D69: Implement source repair | E69: Replace a missing or trashed source with another item, updating citekeys in text. | F69: FR-CIT-08 | G69: Yes | H69: Not started
A70: S5-T09 | B70: 5 | C70: 9 | D70: Implement Cited by lookup | E70: List experiments citing a source. | F70: FR-CIT-12 | G70: No | H70: Not started
A71: S6-T01 | B71: 6 | C71: 1 | D71: Build the integrity check | E71: Report of missing files, unresolved references, external files and source problems, each resolvable or acknowledgeable. | F71: FR-ARC-01 | G71: No | H71: Not started
A72: S6-T02 | B72: 6 | C72: 2 | D72: Generate the manifest | E72: manifest.csv with path, size, time, SHA-256, experiments and groups. | F72: FR-ARC-02 | G72: No | H72: Not started
A73: S6-T03 | B73: 6 | C73: 3 | D73: Implement Verify | E73: Re-hash files against the manifest and report differences. | F73: FR-ARC-03 | G73: Yes | H73: Not started
... A90: S7-T10 | B90: 7 | C90: 10 | D90: Publish user and format documentation | E90: User guide, format-v1 documentation and recovery guide published with the release. | F90: 5, A.3 | G90: Yes | H90: Not started

Sheet Test gates
A1: Test ID | B1: Stage | C1: Gate test | D1: Type | E1: How to run | F1: Pass criterion | G1: Platforms | H1: Automated in CI | I1: CI trigger | J1: Result | K1: Date | L1: Evidence / link | M1: Notes
A2: S0-G01 | B2: 0 | C2: CI runs green on both platforms | D2: Static | E2: Open a PR with no changes; watch ci.yml | F2: All jobs succeed on windows-latest and macos-latest | G2: Both | H2: Yes | I2: Pull request | J2: Not run
A3: S0-G02 | B3: 0 | C3: Lint violation fails CI | D3: Negative | E3: Temporary PR adding an unused variable and `any` | F3: CI fails at the lint step; PR closed afterwards | G3: Both | H3: Yes | I3: Pull request | J3: Not run
A4: S0-G03 | B4: 0 | C4: Failing test fails CI | D4: Negative | E4: Temporary PR with `expect(1).toBe(2)` and a failing Rust test | F4: CI fails in both test steps | G4: Both | H4: Yes | I4: Pull request | J4: Not run
A5: S0-G04 | B5: 0 | C5: Disallowed licence fails CI | D5: Negative | E5: Temporary PR adding a dependency with a licence outside the allow-list | F5: `cargo deny check` or `pnpm licences:check` fails | G5: Both | H5: Yes | I5: Pull request | J5: Not run
A6: S0-G05 | B6: 0 | C6: Boundary violation fails CI | D6: Negative | E6: Temporary PR importing `@tauri-apps/plugin-fs` in apps/desktop/src | F6: `pnpm deps:check` fails with the named rule | G6: Both | H6: Yes | I6: Pull request | J6: Not run
A7: S0-G06 | B7: 0 | C7: Pre-commit hook blocks unformatted code | D7: Manual | E7: Commit a badly formatted file locally | F7: Commit rejected with a formatting message | G7: Both | H7: No | I7: Local | J7: Not run
A8: S0-G07 | B8: 0 | C8: Tauri window launches | D8: Manual | E8: `pnpm --filter desktop tauri dev` on each platform | F8: Window opens with no console errors | G8: Both | H8: No | I8: Manual | J8: Not run
A9: S0-G08 | B9: 0 | C9: Webview has no filesystem, shell or http permissions | D9: Static | E9: `pnpm test:unit -- capabilities` (test parses capability JSON) | F9: Test fails if any forbidden permission is present | G9: Both | H9: Yes | I9: Pull request | J9: Not run
A10: S0-G09 | B10: 0 | C10: Fixture harness detects missing fixtures | D10: Negative | E10: Run `pnpm test:fixtures` with the fixture folder empty | F10: Harness fails with a clear message | G10: Both | H10: Yes | I10: Pull request | J10: Not run
A11: S1-G01 | B11: 1 | C11: Round-trip property: generated documents | D11: Property | E11: `pnpm test:property -- roundtrip` with FC_NUM_RUNS=10000 | F11: parse(serialise(doc)) deep-equals doc for every case | G11: Both | H11: Yes | I11: Pull request (1,000) and nightly | J11: Not run
A12: S1-G02 | B12: 1 | C12: Round-trip golden: edge-case corpus | D12: Golden | E12: `pnpm test:golden -- markdown-corpus` | F12: Nested lists, code blocks containing @ and [@...], titled links and raw HTML byte-identical after serialise(parse()) | G12: Both | H12: Yes | I12: Pull request | J12: Not run
A13: S1-G03 | B13: 1 | C13: Citation numbering property | D13: Property | E13: `pnpm test:property -- citation-context` | F13: After random insert, delete and move sequences, numbers follow first appearance and each source has one entry | G13: Both | H13: Yes | I13: Pull request | J13: Not run
... A57: S4-G10 | B57: 4 | C57: Internal alpha complete | D57: Manual | E57: Maintainer dogfood on a copy of a real project | F57: One real experiment recorded end to end; blocking issues fixed | G57: Both | H57: No | I57: Manual | J57: Not run
A58: S4-G11 | B58: 4 | C58: Inline edit saves | D58: Unit | E58: `pnpm test:unit -- inline-edit` | F58: A section edited in a table cell writes the same file bytes as the same edit in the expanded view; switching cells saves pending text first | G58: Both | H58: Yes | I58: Pull request | J58: Not run | M58: Added by ADR-0043.
A59: S4-G12 | B59: 4 | C59: Scroll with an active editor | D59: Performance | E59: Profile scrolling the 500-experiment table in the webview devtools with one cell being edited, on each platform | F59: No frame longer than 50 ms; the edited row stays rendered and keeps its text | G59: Both | H59: No | I59: Manual | J59: Not run | M59: Added by ADR-0043.
A60: S4-G13 | B60: 4 | C60: Evidence added in the table | D60: Integration | E60: `pnpm test:unit -- evidence-capture` and `pnpm test:fs-safety` | F60: A picked or dropped file becomes a new artefact or version in artefacts.yaml; a duplicate makes no version; a file outside the project and external roots is refused; source files are unchanged | G60: Both | H60: Yes | I60: Pull request | J60: Not run | M60: Added by ADR-0044.
A61: S5-G01 | B61: 5 | C61: Literature consistency property | D61: Property | E61: `pnpm test:property -- literature` | F61: Random citation edits keep Literature equal to cited sources, numbered by first appearance, one entry per source | G61: Both | H61: Yes | I61: Pull request and nightly | J61: Not run
A62: S5-G02 | B62: 5 | C62: Style change does not alter text | D62: Integration | E62: `pnpm test:unit -- style-switch` | F62: Section text hashes unchanged apart from the literature block | G62: Both | H62: Yes | I62: Pull request | J62: Not run
A63: S5-G03 | B63: 5 | C63: Pandoc agrees with the app | D63: Golden | E63: `pnpm test:golden -- pandoc-citeproc` (CI installs Pandoc) | F63: Normalised Pandoc bibliography text equals app Literature for fixtures | G63: Both | H63: Yes | I63: Pull request | J63: Not run
A64: S5-G04 | B64: 5 | C64: Rendering with Zotero closed | D64: Integration | E64: `pnpm test:unit -- offline-citations` | F64: Existing citations render from bibliography.json; picker shows offline state | G64: Both | H64: Yes | I64: Pull request | J64: Not run
A65: S5-G05 | B65: 5 | C65: Server ID mismatch | D65: Integration | E65: `cargo test -p nb-zotero -- server_id` with mock | F65: 412 and mismatched IDs prompt before overwrite; no data lost | G65: Both | H65: Yes | I65: Pull request | J65: Not run
A66: S5-G06 | B66: 5 | C66: Trashed and missing sources | D66: Integration | E66: `pnpm test:unit -- source-repair` | F66: States shown; replacement updates citekeys; citation text otherwise unchanged | G66: Both | H66: Yes | I66: Pull request | J66: Not run
A67: S5-G07 | B67: 5 | C67: Zotero contract | D67: Contract | E67: `cargo test -p nb-zotero --test contract` on recorded responses; manual run against current Zotero release and beta | F67: All contract cases pass | G67: Both | H67: Partly | I67: Pull request and before release | J67: Not run
A68: S5-G08 | B68: 5 | C68: Note styles rejected | D68: Unit | E68: `pnpm test:unit -- style-validation` | F68: Note-class CSL styles rejected with message | G68: Both | H68: Yes | I68: Pull request | J68: Not run
A69: S6-G01 | B69: 6 | C69: PDF/A-3b validity | D69: Golden | E69: Nightly veraPDF step on typical fixture export | F69: Compliant; embedded notebook.json and bibliography.json present | G69: Both | H69: Yes | I69: Nightly | J69: Not run
A70: S6-G02 | B70: 6 | C70: Export golden files | D70: Golden | E70: `pnpm test:golden -- export` | F70: notebook.json and HTML structure match golden files | G70: Both | H70: Yes | I70: Pull request | J70: Not run
A71: S6-G03 | B71: 6 | C71: Verify detects corruption | D71: Property | E71: `cargo test -p nb-archive -- verify` | F71: A single flipped byte in any file is reported | G71: Both | H71: Yes | I71: Pull request | J71: Not run
A72: S6-G04 | B72: 6 | C72: ZIP64 full archive round-trip | D72: Integration | E72: `cargo test -p nb-archive --test zip64 -- --ignored` (nightly only) | F72: Archive over 4 GB extracts byte-identical | G72: Both | H72: Yes | I72: Nightly | J72: Not run
... A86: S7-G10 | B86: 7 | C86: Acceptance criteria sign-off | D86: Manual | E86: Walk through spec section 13 | F86: AC-01 to AC-20 all confirmed with evidence links | G86: Both | H86: No | I86: Release | J86: Not run

Sheet Test suites
A1: Suite | B1: Layer | C1: Tools | D1: Location | E1: Command | F1: Trigger | G1: Platforms | H1: Required to merge | I1: Introduced in stage
A2: Formatting, linting and types | B2: Static | C2: Prettier, ESLint, tsc, rustfmt, clippy | D2: Whole repository | E2: pnpm check:static | F2: Pre-commit and pull request | G2: Both | H2: Yes | I2: 0
A3: Architecture boundaries | B3: Static | C3: dependency-cruiser | D3: apps, packages, extensions | E3: pnpm deps:check | F3: Pull request | G3: Both | H3: Yes | I3: 0
A4: Licences and advisories | B4: Static | C4: cargo-deny, npm licence checker, pnpm audit | D4: Dependencies | E4: cargo deny check && pnpm licences:check | F4: Pull request and weekly | G4: Both | H4: Yes | I4: 0
A5: TypeScript unit and component | B5: Unit | C5: Vitest, Testing Library | D5: packages/*, apps/desktop/src, extensions/vscode | E5: pnpm test:unit | F5: Pull request | G5: Both | H5: Yes | I5: 0
A6: Rust unit and integration | B6: Unit / integration | C6: cargo test | D6: apps/desktop/src-tauri | E6: pnpm test:rust | F6: Pull request | G6: Both | H6: Yes | I6: 0
A7: Property tests (short) | B7: Property | C7: fast-check, proptest | D7: packages/format, packages/citations, nb-fs | E7: pnpm test:property | F7: Pull request (1,000 cases) | G7: Both | H7: Yes | I7: 1
A8: Property tests (long) | B8: Property | C8: fast-check, proptest | D8: Same as above | E8: FC_NUM_RUNS=100000 PROPTEST_CASES=100000 pnpm test:property | F8: Nightly | G8: Both | H8: No (nightly alert) | I8: 1
A9: Golden files | B9: Golden | C9: Vitest snapshot files | D9: packages/format, nb-export | E9: pnpm test:golden | F9: Pull request | G9: Both | H9: Yes | I9: 1
A10: Fixture compatibility | B10: Integration | C10: Vitest | D10: fixtures/projects | E10: pnpm test:fixtures | F10: Pull request | G10: Both | H10: Yes | I10: 2
A11: Filesystem safety | B11: Integration | C11: cargo test with directory snapshots | D11: nb-fs and command integration tests | E11: pnpm test:fs-safety | F11: Pull request | G11: Both | H11: Yes | I11: 2
A12: Zotero contract | B12: Contract | C12: cargo test with recorded responses | D12: nb-zotero | E12: cargo test -p nb-zotero --test contract | F12: Pull request | G12: Both | H12: Yes | I12: 1
A13: VS Code extension | B13: Integration | C13: @vscode/test-electron | D13: extensions/vscode | E13: pnpm test:vscode | F13: Pull request | G13: Both | H13: Yes | I13: 3
... A19: Mutation testing | B19: Mutation | C19: StrykerJS, cargo-mutants | D19: packages/format, packages/citations, nb-fs | E19: pnpm test:mutation && cargo mutants -p nb-fs | F19: Weekly | G19: One platform | H19: Release only | I19: 2
